#Name,Date,Ra,Dec,RaDeg,DecDeg,AlertMag,HistoricMag,HistoricStdDev,Class,PubDate,Comment,TNSid,K_s,lDeg,bDeg,base_gmag,e_gmag,Catalog,Can,Stat
Gaia21crk,2021-06-01 20:03:10,20:13:08.18,14:56:35.77,303.28408,14.94327,16.11,16.42,0.09,-,2021-06-05 10:37:03,"slow rise in the Galactic Plane source, 0.3 mag in 4 years",2021ouh,13.891,55.8731,-10.51533,17.3278,0.0098,panstarr,-1.0,0.0
Gaia21cre,2021-06-02 16:56:32,08:27:01.03,-15:08:16.80,126.7543,-15.138,18.42,18.92,0.11,-,2021-06-04 08:13:13,~0.4 mag rise in Gaia and WISE source,2021opr,nan,237.88714,13.23293,18.8456,0.0522,panstarr,-1.0,0.0
Gaia21crd,2021-06-02 20:39:05,20:13:09.31,-18:17:16.84,303.28878,-18.28801,17.49,17.8,0.07,-,2021-06-04 08:13:04,"~0.3 mag rise in Gaia, WISE and GALEX source",2021opq,15.555,24.73622,-25.97926,17.9765,0.0066,panstarr,-1.0,0.0
Gaia21cqs,2021-06-01 23:16:44,08:07:46.59,07:13:32.52,121.94413,7.2257,18.68,19.28,0.13,-,2021-06-03 08:57:32,"~0.3 mag rise in Gaia, WISE and GALEX source",2021oie,nan,215.12882,20.24509,19.4296,0.0164,panstarr,-1.0,0.0
Gaia21cqi,2021-06-01 04:31:38,08:08:36.51,-40:53:23.89,122.15211,-40.88997,13.82,14.38,0.04,-,2021-06-02 11:31:54,0.6 mag rise on Gaia source -- candidate Be-syat or microlensing event.,2021odu,11.895,257.23985,-4.37027,14.877,0.244,APASS,-1.0,0.0
Gaia21cqe,2021-06-01 01:44:55,20:04:12.01,31:24:01.91,301.05004,31.40053,15.31,15.69,0.11,-,2021-06-02 11:31:17,0.4 mag rise in red Gaia source,2021odr,12.585,68.74906,0.02467,16.291,0.064,APASS,-1.0,0.0
Gaia21cqb,2021-05-31 01:51:10,19:45:39.93,25:09:07.20,296.41636,25.152,17.15,17.36,0.03,-,2021-06-02 11:30:09,~0.2 mag rise in Galactic plane source,2021odp,13.964,61.29273,0.28425,18.9453,0.0034,panstarr,-1.0,0.0
Gaia21cpx,2021-05-31 00:11:56,07:56:35.78,63:56:53.63,119.14908,63.94823,17.86,18.41,0.11,-,2021-06-02 11:28:47,~0.6 mag rise in Gaia source,2021odl,nan,152.48805,31.28465,18.1588,0.0364,panstarr,-1.0,0.0
Gaia21cpw,2021-05-30 07:08:15,19:12:54.24,63:32:43.22,288.22599,63.54534,18.67,19.12,0.1,-,2021-06-02 11:28:36,0.3 mag rise in Gaia and GALEX source,2021odk,nan,94.39955,21.78687,19.6495,0.0123,panstarr,-1.0,0.0
Gaia21cpu,2021-05-30 01:02:09,07:39:28.99,09:23:55.36,114.8708,9.39871,17.73,18.17,0.12,-,2021-06-02 11:28:09,0.4 mag rise in Gaia source,2021odi,15.49,209.86398,14.9033,18.3608,0.0049,panstarr,-1.0,0.0
Gaia21cpm,2021-05-28 09:58:42,05:36:20.21,-69:13:46.78,84.08421,-69.22966,16.63,17.25,0.17,-,2021-05-30 11:59:04,"0.7 mag rise in Gaia source near LMC, previous event seen",2021nww,15.415,279.64507,-31.86573,16.85,nan,refcat2,-1.0,0.0
Gaia21cpl,2021-05-28 22:06:44,19:28:24.14,-04:02:32.89,292.10059,-4.04247,18.43,19.97,0.42,-,2021-05-30 10:34:45,2 mag rise in Gaia source,2021nwv,nan,33.53151,-10.0619,20.783,0.0678,panstarr,-1.0,0.0
Gaia21cpi,2021-05-28 21:57:22,05:48:26.88,-72:17:19.39,87.11199,-72.28872,18.34,19.2,0.08,-,2021-05-30 10:33:46,0.8 mag rise in Gaia and GALEX source,2021nws,nan,283.06132,-30.52091,19.194,nan,refcat2,-1.0,0.0
Gaia21cox,2021-05-28 03:57:32,05:20:42.59,-69:30:54.47,80.17747,-69.51513,13.93,14.43,0.1,-,2021-05-30 10:31:32,0.5 mag rise in Gaia source in LMC,2021nwk,14.24,280.2391,-33.17881,14.351,nan,refcat2,-1.0,0.0
Gaia21cow,2021-05-28 10:00:45,05:47:56.14,-67:13:10.85,86.9839,-67.21968,15.77,16.01,0.06,-,2021-05-30 10:31:21,0.3 mag rise in Gaia source,2021nwj,15.258,277.18601,-30.97614,15.866,nan,refcat2,-1.0,0.0
Gaia21cov,2021-05-28 09:58:29,05:37:23.69,-69:35:26.41,84.3487,-69.59067,17.79,18.13,0.08,-,2021-05-30 10:31:04,0.3 mag rise in Gaia source near LMC,2021nwi,nan,280.05287,-31.72843,17.939,nan,refcat2,-1.0,0.0
Gaia21cog,2021-05-27 07:28:36,07:51:10.54,38:08:39.34,117.7939,38.14426,18.73,19.29,0.14,-,2021-05-29 09:32:04,Gaia source rises slowly by 0.7 mag,2021nrs,nan,181.8939,27.51746,19.365,0.0282,panstarr,-1.0,0.0
Gaia21coc,2021-05-26 00:45:25,06:58:07.47,-01:41:04.88,104.53112,-1.68469,18.29,18.89,0.12,-,2021-05-28 09:32:31,0.7 mag rise on Gaia source in the Galactic plane,2021noa,13.229,215.19363,0.71883,20.937,0.0682,panstarr,-1.0,0.0
Gaia21cnw,2021-05-24 14:00:30,18:35:39.70,08:43:07.39,278.91541,8.71872,15.8,16.14,0.08,-,2021-05-27 17:26:13,Galactic plane source rises by 0.3 mag,2021nnf,13.059,38.94703,7.4481,17.144,0.0064,panstarr,-1.0,0.0
Gaia21cnn,2021-05-23 20:20:12,19:06:34.30,-10:00:33.05,286.64292,-10.00918,18.64,19.15,0.18,-,2021-05-27 15:56:03,"Faint Gaia source near the Galactic plane rises by 0.5 mag, candidate microlensing event",2021nmv,nan,25.67917,-7.87922,20.0169,0.0239,panstarr,-1.0,0.0
Gaia21cmx,2021-05-24 14:47:58,19:59:47.42,-35:05:13.63,299.9476,-35.08712,18.48,18.95,0.1,-,2021-05-26 08:18:17,Gaia source rises slowly by 0.4 mag,2021njw,nan,5.73355,-28.43114,18.904,nan,refcat2,-1.0,0.0
Gaia21cmw,2021-05-25 01:17:34,07:42:45.81,29:19:58.19,115.69087,29.33283,18.83,19.19,0.07,-,2021-05-26 08:18:04,Gaia source rises slowly by 0.3 mag,2021njv,nan,190.68453,23.3089,19.3689,0.0328,panstarr,-1.0,0.0
Gaia21cmh,2021-05-22 15:52:16,03:23:04.60,-52:16:45.66,50.76917,-52.27935,18.73,19.74,0.2,-,2021-05-23 18:16:05,~0.9 mag rise in Gaia source,2021ncr,nan,265.08938,-52.2125,nan,nan,nan,-1.0,0.0
Gaia21cln,2021-05-20 20:48:10,20:46:32.95,-34:13:18.12,311.6373,-34.2217,18.83,19.49,0.14,-,2021-05-22 10:59:04,~0.6 mag rise in Gaia source,2021mxf,nan,9.174,-37.64142,nan,nan,nan,-1.0,0.0
Gaia21ckj,2021-05-18 02:05:29,18:53:23.02,-01:14:06.47,283.3459,-1.23513,17.46,18.67,0.07,-,2021-05-19 14:26:18,"red Gaia source in the Galactic plane brightens by 1.2 mag, candidate microlensing event",2021msh,13.522,32.05434,-0.99601,21.7088,0.1006,panstarr,-1.0,0.0
Gaia21cju,2021-05-17 02:50:01,21:51:21.90,-27:42:23.08,327.84126,-27.70641,17.15,19.09,0.23,-,2021-05-18 19:11:25,~2 mag rise in Blazar candidate,2021mre,14.385,21.34279,-50.26315,19.2315,0.0699,panstarr,-1.0,0.0
Gaia21cjf,2021-05-15 19:55:10,18:37:26.57,06:44:59.14,279.36069,6.74976,16.36,16.77,0.11,-,2021-05-17 08:54:20,Galactic plane source rises slowly by 0.4 mag,2021mou,12.824,37.37206,6.17298,18.1659,0.0077,panstarr,-1.0,0.0
Gaia21cjc,2021-05-14 08:01:43,19:16:38.74,05:19:17.33,289.16141,5.32148,18.55,20.49,0.08,-,2021-05-16 17:23:52,"red gal.plane source brightens by 1.9 mag, candidate microlensing event",2021mnb,nan,40.55052,-3.15179,22.0928,0.0125,panstarr,-1.0,0.0
Gaia21ciy,2021-05-14 08:34:41,21:24:33.41,-12:23:18.17,321.13922,-12.38838,18.11,18.39,0.04,-,2021-05-16 17:23:23,0.3 mag rise in Gaia source,2021mmx,nan,39.25579,-39.5192,18.6096,0.0111,panstarr,-1.0,0.0
Gaia21civ,2021-05-14 20:53:47,22:39:47.61,-22:29:34.66,339.94838,-22.49296,17.74,18.18,0.14,-,2021-05-16 17:23:04,long-term 0.5 mag rise in Gaia source,2020yxi,15.451,34.43828,-59.85586,17.8437,0.0081,panstarr,-1.0,0.0
Gaia21ciu,2021-05-15 02:50:30,22:22:08.28,-21:46:14.88,335.5345,-21.7708,18.84,19.39,0.13,-,2021-05-16 17:22:54,0.4 mag rise in Gaia source,2021mmv,15.148,33.60836,-55.72764,19.2609,0.0252,panstarr,-1.0,0.0
Gaia21cit,2021-05-15 02:49:06,22:15:32.57,-21:20:32.21,333.88571,-21.34228,18.54,19.37,0.16,-,2021-05-16 17:22:13,0.8 mag rise in Gaia source,2021mmu,nan,33.54668,-54.13583,19.4099,0.0234,panstarr,-1.0,0.0
Gaia21cij,2021-05-13 17:16:07,08:33:34.57,02:34:12.36,128.39405,2.5701,18.01,18.49,0.1,-,2021-05-15 10:26:21,Gaia and UV source rises slowly by 0.7 mag,2021mhy,15.481,222.77798,23.80941,18.7623,0.0279,panstarr,-1.0,0.0
Gaia21cib,2021-05-13 02:44:05,22:20:18.13,-13:08:13.31,335.07555,-13.13703,18.88,19.71,0.17,-,2021-05-14 09:35:11,~0.8 mag rise in Gaia and GALEX source,2021mfk,nan,46.92343,-52.05579,19.3907,0.009,panstarr,-1.0,0.0
Gaia21cia,2021-05-12 23:23:05,09:02:32.40,02:54:23.47,135.63501,2.90652,18.61,19.02,0.09,-,2021-05-14 09:35:04,Gaia source rises by 0.4 mag over 2 years,2021mfj,nan,226.41919,30.28463,19.5254,0.0153,panstarr,-1.0,0.0
Gaia21chx,2021-05-12 05:31:13,09:35:06.37,03:45:15.52,143.77656,3.75431,18.52,19.52,0.29,-,2021-05-13 13:26:16,"rise in slowly variable Gaia, WISE and GALEX source",2021mew,nan,230.56946,37.69935,18.6218,0.0095,panstarr,-1.0,0.0
Gaia21chq,2021-05-11 01:50:18,19:07:51.99,18:37:21.14,286.96661,18.62254,19.11,20.08,0.21,-,2021-05-12 10:30:36,Galactic plane source brightens by 1magntitude -- candidate microlensing event.,2021mdg,nan,51.37126,4.88783,21.13,0.0218,panstarr,-1.0,0.0
Gaia21chm,2021-05-10 02:12:41,20:54:29.19,11:14:30.98,313.62162,11.24194,18.79,20.01,0.4,-,2021-05-11 18:26:10,Gaia and UV source rises by 2 mag in 5.5 years,2021mav,nan,58.44603,-20.9515,20.8605,0.0404,panstarr,-1.0,0.0
Gaia21cgy,2021-05-09 07:57:01,19:58:16.02,20:45:35.71,299.56675,20.75992,18.79,19.18,0.04,-,2021-05-10 12:51:42,~0.4 mag rise in Gaia source,2021lwj,nan,58.99502,-4.45172,19.9657,0.0158,panstarr,-1.0,0.0
Gaia21cgt,2021-05-08 07:52:32,19:52:39.03,26:11:34.66,298.16264,26.19296,14.91,15.23,0.02,-,2021-05-09 17:16:21,bright  gal.plane source rises by 0.3 mag,2021lun,10.851,62.98801,-0.54441,17.0531,0.0044,panstarr,-1.0,0.0
Gaia21cgn,2021-05-08 23:54:20,04:51:56.71,-31:36:15.95,72.98631,-31.60443,18.95,20.21,0.28,-,2021-05-09 17:10:52,1 mag rise in Gaia source,2021luk,15.425,233.21686,-38.06103,18.482,0.0,panstarr,-1.0,0.0
Gaia21cgm,2021-05-08 14:22:56,21:54:26.38,09:14:07.19,328.6099,9.23533,18.1,18.56,0.09,-,2021-05-09 17:09:56,0.5 mag rise in Gaia source,2021luj,nan,66.96985,-33.78378,18.7566,0.0113,panstarr,-1.0,0.0
Gaia21cgk,2021-05-08 02:24:31,13:52:34.35,24:43:52.93,208.14314,24.73137,18.88,19.36,0.09,-,2021-05-09 12:50:09,~0.5 mag rise in Gaia source,2021lue,nan,26.45674,76.05693,19.1382,0.0054,panstarr,-1.0,0.0
Gaia21cfs,2021-05-06 15:22:18,01:41:03.07,-24:52:41.66,25.26278,-24.87824,18.48,19.32,0.17,-,2021-05-08 14:46:39,~0.6 mag rise in Gaia source,2021lqn,nan,204.29308,-78.63281,19.9802,0.0028,panstarr,-1.0,0.0
Gaia21cfq,2021-05-06 01:45:26,19:49:43.86,35:58:53.54,297.43276,35.98154,16.25,16.43,0.06,-,2021-05-07 08:47:07,gal.plane source candidate microlensing event rises by 0.2 mag,2021lnc,13.864,71.10653,4.97324,17.2208,0.0187,panstarr,-1.0,0.0
Gaia21cfp,2021-05-05 16:55:16,08:35:17.59,-33:14:38.87,128.8233,-33.24413,17.76,18.25,0.11,-,2021-05-07 08:46:53,blue  gal.plane source candidate microlensing event or Be-type outburst rises by 0.5 mag,2021lnb,14.094,253.98461,4.35286,18.12,nan,refcat2,-1.0,0.0
Gaia21cfh,2021-05-04 16:46:21,00:29:17.41,-13:10:51.67,7.32256,-13.18102,17.2,17.6,0.08,-,2021-05-06 11:28:54,0.3 mag rise in Gaia and UV source,2021lke,15.392,101.46981,-75.12207,17.7851,0.0254,panstarr,-1.0,0.0
Gaia21cfg,2021-05-04 21:15:37,01:16:41.89,-23:51:34.02,19.17454,-23.85945,17.3,17.74,0.14,-,2021-05-06 11:28:27,0.5 mag slow rise in Gaia and UV source,2020xqp,15.089,184.48864,-83.43067,17.888,0.0098,panstarr,-1.0,0.0
Gaia21cff,2021-05-05 07:28:58,18:28:14.55,43:50:02.69,277.06062,43.83408,17.78,18.06,0.07,-,2021-05-06 11:21:26,~0.3 mag rise in Gaia and UV source,2021lkd,nan,72.02826,22.37496,18.032,0.0059,panstarr,-1.0,0.0
Gaia21cfd,2021-05-05 01:48:08,20:20:25.75,37:57:53.50,305.10731,37.96486,16.96,18.18,0.3,-,2021-05-06 11:12:53,1.5 mag rise in erratic Gaia source,2021lkb,11.406,76.06422,0.85114,19.2488,0.0179,panstarr,-1.0,0.0
Gaia21ceo,2021-05-02 17:06:43,09:49:54.60,-34:03:47.02,147.47751,-34.06306,17.83,19.63,0.55,-,2021-05-04 11:27:13,2 mag rise in erratic Gaia source,2021lbd,nan,265.26307,15.2157,nan,nan,nan,-1.0,0.0
Gaia21cen,2021-05-03 10:41:29,08:04:20.63,-46:24:50.36,121.08596,-46.41399,18.26,18.84,0.07,-,2021-05-04 11:26:36,~0.6 mag rise in candidate YSO,2021lbc,14.288,261.53954,-7.95357,18.874,nan,refcat2,-1.0,0.0
Gaia21ceg,2021-05-02 18:26:51,08:07:22.62,-48:51:17.53,121.84427,-48.85487,18.39,18.88,0.06,-,2021-05-04 11:10:35,~0.5 mag rise in red Gaia source,2021lay,14.517,263.91287,-8.79363,18.903,nan,refcat2,-1.0,0.0
Gaia21cef,2021-05-01 21:40:39,02:25:26.11,-47:06:35.35,36.35879,-47.10982,18.12,18.39,0.06,-,2021-05-03 11:56:59,~0.3 mag rise in Gaia source,2021kzr,nan,266.48474,-62.81889,18.309,nan,refcat2,-1.0,0.0
Gaia21ceb,2021-05-01 19:45:11,21:03:35.76,46:32:51.94,315.899,46.54776,18.47,19.35,0.1,-,2021-05-03 11:27:21,~0.8 mag rise in Gaia source,2021kzn,15.22,87.72444,-0.15476,21.52,0.0611,panstarr,-1.0,0.0
Gaia21cea,2021-05-01 19:00:33,15:34:27.31,54:53:14.17,233.61381,54.88727,17.09,17.81,0.05,-,2021-05-03 11:27:08,~0.8 mag rise in red SDSS star,2021kzm,13.482,87.58221,49.53339,20.2373,0.0393,panstarr,-1.0,0.0
Gaia21cdr,2021-05-01 07:43:47,21:05:10.74,48:05:49.24,316.29474,48.09701,16.56,16.8,0.03,-,2021-05-02 14:38:04,~0.3 mag rise in Galactic plane source,2021kvz,13.946,89.05686,0.68002,17.9462,0.0045,panstarr,-1.0,0.0
Gaia21cdl,2021-05-01 07:31:24,19:54:14.16,56:36:25.06,298.55899,56.60696,18.97,19.43,0.1,-,2021-05-02 14:33:39,~0.3 mag rise in Gaia source,2021kvv,nan,89.77345,14.36884,19.6107,0.0344,panstarr,-1.0,0.0
Gaia21cdk,2021-04-30 15:05:59,00:30:02.04,-24:37:48.79,7.5085,-24.63022,17.98,18.45,0.07,-,2021-05-02 14:32:44,~0.4 mag rise in Gaia source,2021kvu,15.726,59.16778,-84.57702,18.694,0.017,panstarr,-1.0,0.0
Gaia21ccz,2021-04-29 22:11:34,05:24:57.95,-66:42:32.29,81.24145,-66.70897,17.44,17.9,0.09,-,2021-05-01 13:39:14,~0.5 mag rise in Gaia source,2021kti,nan,276.85284,-33.26224,17.772,nan,refcat2,-1.0,0.0
Gaia21ccx,2021-04-29 05:55:44,05:04:19.51,-68:59:37.86,76.0813,-68.99385,15.89,16.22,0.08,-,2021-04-30 11:18:10,blue source in LMC rises by 0.3 mag,2021kpz,16.567,280.02088,-34.70952,16.129,nan,refcat2,-1.0,0.0
Gaia21ccw,2021-04-29 22:38:01,08:42:41.53,-57:40:22.30,130.67303,-57.67286,15.91,16.24,0.07,-,2021-04-30 11:17:50,bright  gal.plane source candidate microlensing event or Be-type outburst rises by 0.3 mag,2021kpy,12.989,274.28544,-9.39537,16.143,nan,refcat2,-1.0,0.0
Gaia21ccu,2021-04-28 18:30:41,09:31:50.90,-55:17:57.23,142.96208,-55.29923,13.88,14.31,0.05,-,2021-04-29 15:10:47,bright  gal.plane source candidate microlensing event rises by 0.4 mag,2021kpk,12.218,277.08558,-2.78053,15.064,nan,APASS,-1.0,0.0
Gaia21ccd,2021-04-27 22:51:44,10:10:20.84,-50:06:29.84,152.58685,-50.10829,15.19,15.54,0.1,-,2021-04-29 08:40:38,bright  gal.plane source candidate microlensing event or Be-type outburst rises by 0.4 mag,2021kpb,12.14,278.34293,4.9127,15.474,nan,refcat2,-1.0,0.0
Gaia21ccb,2021-04-27 16:43:53,23:51:02.65,-21:48:06.84,357.76104,-21.8019,18.6,19.48,0.18,-,2021-04-29 08:39:36,~0.6 mag rise in Gaia source,2021kpa,15.16,50.85322,-75.27501,18.8267,0.0114,panstarr,-1.0,0.0
Gaia21cbi,2021-04-25 16:16:10,08:11:33.37,-80:31:09.62,122.88903,-80.51934,17.72,18.19,0.09,-,2021-04-27 11:27:58,"~0.5 mag rise in Gaia, WISE and GALEX source",2021knl,15.34,293.21318,-23.54983,18.069,nan,refcat2,-1.0,0.0
Gaia21cbh,2021-04-25 22:10:18,05:48:11.74,-82:09:57.13,87.04891,-82.16587,18.66,19.14,0.11,-,2021-04-27 11:27:13,"~0.3 mag rise in Gaia, WISE and GALEX source",2021knk,nan,294.30808,-28.99806,18.997,nan,refcat2,-1.0,0.0
Gaia21cav,2021-04-23 19:30:49,22:58:39.47,60:27:01.40,344.66445,60.45039,16.07,16.41,0.05,-,2021-04-25 11:48:03,"gal.plane source rises by 0.3 mag, candidate microlensing event",2021kmk,12.959,109.45671,0.56336,17.6238,0.0076,panstarr,-1.0,0.0
Gaia21cak,2021-04-23 10:39:29,11:04:34.98,-60:19:37.88,166.14577,-60.32719,14.78,15.1,0.1,-,2021-04-25 11:39:58,bright gal.plane source rises by 0.3 mag candidate Be-type outburst,2021kmg,11.759,290.07364,-0.15069,15.053,nan,refcat2,-1.0,0.0
Gaia21bzx,2021-04-22 16:38:46,11:16:45.74,-60:22:03.25,169.1906,-60.36757,15.09,15.32,0.05,-,2021-04-24 16:20:34,~0.3 mag rise in Gaia source,2021klj,12.867,291.48296,0.38253,15.283,nan,refcat2,-1.0,0.0
Gaia21bzw,2021-04-23 01:30:50,23:11:22.24,59:24:11.30,347.84267,59.40314,13.92,14.43,0.1,-,2021-04-24 16:20:02,~0.5 mag rise in Gaia source,2021kli,11.158,110.49994,-1.03155,15.844,0.14,APASS,-1.0,0.0
Gaia21bzt,2021-04-22 13:20:34,23:38:08.05,69:30:52.70,354.53356,69.51464,15.78,16.07,0.09,-,2021-04-23 11:56:23,Galactic plane source rises slowly by 0.3 mag,2021kks,12.276,116.55889,7.55497,17.2866,0.0031,panstarr,-1.0,0.0
Gaia21bzr,2021-04-21 13:21:06,23:53:03.00,67:13:55.31,358.26249,67.23203,18.74,20.44,0.08,-,2021-04-23 11:55:27,almost 2 mag rise in Gaia source,2021kkq,nan,117.31346,4.99939,22.1398,0.0385,panstarr,-1.0,0.0
Gaia21bzn,2021-04-22 06:54:09,08:36:58.42,79:36:28.48,129.24343,79.60791,18.72,19.11,0.08,-,2021-04-23 11:52:52,"~0.3 mag rise in blue DSS, WISE and GALEX source",2021kko,nan,133.83583,31.32186,19.2668,0.0113,panstarr,-1.0,0.0
Gaia21bzh,2021-03-28 19:17:04,23:45:18.57,63:25:31.40,356.32736,63.42539,19.51,20.69,0.2,-,2021-04-22 11:51:56,2 mag rise in Gaia Galactic plane source,2021kkb,nan,115.61591,1.49685,nan,nan,nan,-1.0,0.0
Gaia21byz,2021-04-20 16:02:44,22:40:14.38,11:09:10.37,340.0599,11.15288,18.31,18.71,0.08,-,2021-04-22 11:43:31,~0.5 mag slow rise in Gaia source,2021kju,nan,78.81939,-40.22342,18.7914,0.0037,panstarr,-1.0,0.0
Gaia21bys,2021-04-19 20:35:39,22:15:48.16,-07:06:18.97,333.95067,-7.10527,18.6,19.29,0.13,-,2021-04-21 11:57:13,~0.6 mag rise in Gaia source,2021kis,nan,54.15318,-48.04111,19.0653,0.0202,panstarr,-1.0,0.0
Gaia21byp,2021-04-19 16:32:57,12:10:05.18,-61:40:58.87,182.52159,-61.68302,11.15,11.4,0.07,-,2021-04-21 11:53:14,"bright gal.plane source  rises by 0.2 mag, candidate microlensing event or Be-type outburst",2021kiq,10.955,298.04834,0.79601,11.375,0.041,APASS,-1.0,0.0
Gaia21bxy,2021-04-18 04:27:44,12:46:41.17,-63:14:27.10,191.67156,-63.24086,17.77,18.15,0.07,-,2021-04-19 15:13:58,~0.3 mag rise in Gaia source,2021ked,12.079,302.3971,-0.37405,18.114,nan,refcat2,-1.0,0.0
Gaia21bxx,2021-04-18 04:19:55,21:57:03.06,-04:49:33.06,329.26274,-4.82585,18.53,18.95,0.1,-,2021-04-19 15:13:35,~0.4 mag rise in Gaia source coincident with blue GALEX source,2021kec,15.432,53.23244,-42.89173,18.7264,0.0073,panstarr,-1.0,0.0
Gaia21bxv,2021-04-17 04:24:44,13:11:52.56,-63:11:15.00,197.96902,-63.1875,16.95,17.25,0.07,-,2021-04-19 09:52:28,~0.4 mag rise in Gaia source in the Galactic plane,2021kdu,12.915,305.23432,-0.40716,17.177,nan,refcat2,-1.0,0.0
Gaia21bxn,2021-04-16 19:15:19,01:06:42.79,61:59:41.93,16.6783,61.99498,12.35,12.78,0.06,-,2021-04-19 08:35:57,"bright gal.plane source rises by 0.4 mag, candidate microlensing event or Be-type outburst",2021kdo,11.143,124.7242,-0.8236,13.157,0.01,APASS,-1.0,0.0
Gaia21bxi,2021-04-16 12:52:09,10:39:55.59,-30:23:54.42,159.98162,-30.39845,17.54,18.25,0.15,-,2021-04-19 08:32:11,long term rise followed by ~0.5 mag brightening in Gaia source,2021kdk,15.249,271.97709,24.45343,18.3665,0.0188,panstarr,-1.0,0.0
Gaia21bxa,2021-04-16 01:12:30,09:56:19.75,-11:11:25.30,149.08228,-11.19036,18.93,19.66,0.15,-,2021-04-17 15:50:08,~0.8 mag rise in Gaia source coincident with blue GALEX source,2021jza,nan,249.07479,32.81262,19.4065,0.0265,panstarr,-1.0,0.0
Gaia21bwz,2021-04-15 05:47:46,09:04:10.44,09:50:10.03,136.04352,9.83612,18.9,19.95,0.21,-,2021-04-17 15:49:31,~0.8 mag rise in Gaia source,2021jyz,nan,219.42608,33.90744,19.5123,0.0447,panstarr,-1.0,0.0
Gaia21bwx,2021-04-14 21:44:13,22:18:49.54,27:08:38.62,334.70641,27.14406,17.8,17.98,0.05,-,2021-04-17 15:47:58,~0.2 mag rise in Gaia source coincident with radio source NVSS J221849+270838,2021jyy,15.45,85.7654,-24.50296,18.183,0.0164,panstarr,-1.0,0.0
Gaia21bwt,2021-04-15 12:04:29,14:04:21.44,-62:53:42.36,211.08932,-62.8951,13.2,13.48,0.03,-,2021-04-17 15:45:28,very bright  gal.plane source candidate microlensing event or Be-type outburst rises by 0.3 mag,2021jyu,11.576,311.12808,-1.18953,14.073,0.033,APASS,-1.0,0.0
Gaia21bwr,2021-03-20 23:49:49,15:32:45.60,-62:05:46.86,233.19,-62.09635,15.88,17.8,0.06,-,2021-04-16 14:20:32,gal.plane source candidate microlensing event rises by 1.9 mag,2021jvh,15.176,320.62939,-4.90247,17.766,nan,refcat2,-1.0,0.0
Gaia21bwf,2021-04-13 17:39:43,16:59:03.90,-56:39:32.11,254.76627,-56.65892,16.21,16.47,0.08,-,2021-04-16 09:04:45,gal.plane source candidate microlensing event rises by 0.3 mag,2021juv,13.76,332.30273,-8.66097,16.415,nan,refcat2,-1.0,0.0
Gaia21bwe,2021-04-12 16:41:31,20:00:41.34,-16:33:59.83,300.17227,-16.56662,18.82,19.3,0.12,-,2021-04-16 09:03:05,~0.4 mag rise in Gaia source,2021juu,nan,25.23326,-22.57362,19.2919,0.0121,panstarr,-1.0,0.0
Gaia21bvx,2021-04-13 12:24:27,06:48:01.89,41:53:04.45,102.00786,41.88457,18.64,19.0,0.07,-,2021-04-15 15:26:39,0.3 mag slow rise in Gaia and UV source,2021jty,nan,174.09875,17.13244,19.0259,0.0069,panstarr,-1.0,0.0
Gaia21bvl,2021-04-12 10:10:10,14:51:50.51,-57:23:33.11,222.96045,-57.39253,14.5,14.78,0.05,-,2021-04-15 06:39:54,bright  gal.plane source rises by 0.3 mag,2021jst,12.016,318.61944,1.76542,15.861,0.044,APASS,-1.0,0.0
Gaia21bvk,2021-04-12 05:06:03,10:02:08.14,-29:44:53.63,150.53393,-29.74823,18.13,18.62,0.11,-,2021-04-15 06:38:46,"~0.5 mag rise in Gaia, WISE and GALEX source",2021jss,nan,264.40716,20.18343,18.5194,0.0021,panstarr,-1.0,0.0
Gaia21bvi,2021-04-11 11:16:40,18:09:01.77,-38:51:36.18,272.25736,-38.86005,18.3,19.15,0.19,-,2021-04-14 14:40:53,blue  gal.plane source candidate microlensing event rises by 0.8 mag,2021jsd,nan,353.75489,-9.12489,nan,nan,nan,-1.0,0.0
Gaia21bvg,2021-04-11 11:09:35,18:31:24.14,-34:12:05.18,277.85057,-34.20144,15.46,15.77,0.01,-,2021-04-14 07:57:53,~0.3 mag rise in Gaia source,2021jrq,13.312,0.02294,-11.07203,15.728,nan,refcat2,-1.0,0.0
Gaia21bvd,2021-04-11 11:37:19,16:42:47.35,-50:20:41.82,250.69728,-50.34495,16.11,16.98,0.16,-,2021-04-13 20:46:08,~0.7 mag rise in candidate YSO,2021jmu,11.884,335.67527,-2.793,16.945,nan,refcat2,-1.0,0.0
Gaia21bvb,2021-04-11 08:13:08,21:08:28.97,17:22:02.17,317.12071,17.36727,18.44,18.92,0.09,-,2021-04-13 20:40:45,~0.5 mag rise in Gaia source,2021jms,nan,65.85037,-20.00384,19.2746,0.0128,panstarr,-1.0,0.0
Gaia21buz,2021-03-19 00:47:34,04:05:51.80,51:19:08.87,61.46584,51.31913,17.19,18.39,0.38,-,2021-04-12 21:53:51,slow rise of a variable red source,2021jlp,13.04,150.89385,-0.67806,19.3223,0.1016,panstarr,-1.0,0.0
Gaia21buw,2021-04-10 23:44:05,16:00:40.81,-52:06:40.79,240.17005,-52.11133,18.27,20.29,0.35,-,2021-04-12 20:30:31,~2 mag rise in red Gaia source,2021jkp,nan,329.76773,0.61428,nan,nan,nan,-1.0,0.0
Gaia21buv,2021-03-14 15:45:35,17:30:41.11,-41:59:45.53,262.67129,-41.99598,18.56,19.61,0.29,-,2021-04-12 20:29:41,~1 mag rise in Galactic plane source,2021jko,nan,347.32691,-4.40613,nan,nan,nan,-1.0,0.0
Gaia21buq,2021-04-10 11:35:45,16:38:17.04,-47:29:21.52,249.57102,-47.48931,16.68,17.17,0.13,-,2021-04-12 20:22:19,"very red galactic plane source rises by 0.5 mag, candidate microlensing event",2021jkk,10.693,337.32472,-0.34685,17.102,nan,refcat2,-1.0,0.0
Gaia21btu,2021-04-08 11:00:07,18:12:10.84,-21:18:12.67,273.04517,-21.30352,17.49,18.92,0.06,-,2021-04-10 21:22:06,"very red galactic plane source rises by 1.4 mag, candidate microlensing event",2021ize,12.694,9.6116,-1.39388,21.805,0.0,panstarr,-1.0,0.0
Gaia21btg,2021-04-07 09:49:50,16:00:27.34,-42:01:07.82,240.11392,-42.01884,15.51,15.79,0.09,-,2021-04-10 09:05:57,bright galactic plane source slowly rises by 0.3 mag,2021ius,12.305,336.38788,8.25375,15.747,nan,refcat2,-1.0,0.0
Gaia21bta,2021-04-07 17:06:03,17:46:04.23,-23:49:49.12,266.51764,-23.83031,18.17,19.83,0.2,-,2021-04-09 23:58:26,red  gal.plane source candidate microlensing event rises by 1.7 mag,2021itv,nan,4.41474,2.56967,nan,nan,nan,-1.0,0.0
Gaia21bsw,2021-04-08 05:41:20,07:27:17.72,-03:14:14.14,111.82383,-3.23726,8.27,8.54,0.04,-,2021-04-09 23:52:24,Very bright blue  gal.plane source rises by 0.3 mag,2021itq,8.952,219.93794,6.47137,10.028,nan,APASS,-1.0,0.0
Gaia21bsv,2021-04-07 21:15:42,17:57:49.98,-21:21:07.78,269.45827,-21.35216,16.4,16.74,0.04,-,2021-04-09 23:50:49,~0.4 mag rise in Gaia source,2021itn,10.028,7.93204,1.49498,21.3852,0.0808,panstarr,-1.0,0.0
Gaia21bsu,2021-04-07 09:18:16,17:44:13.40,-22:07:05.38,266.05582,-22.11816,15.14,15.68,0.03,-,2021-04-09 23:49:53,~0.5 mag rise in Gaia source,2021itm,10.122,5.65854,3.82269,18.9642,0.014,panstarr,-1.0,0.0
Gaia21bst,2021-04-07 17:13:27,17:25:03.83,-28:45:08.35,261.26597,-28.75232,18.93,19.29,0.06,-,2021-04-09 23:49:05,~0.4 mag rise in Gaia source,2021itl,nan,357.7234,3.88827,19.283,nan,refcat2,-1.0,0.0
Gaia21bss,2021-04-07 17:02:38,17:54:50.91,-21:26:06.36,268.71213,-21.4351,18.85,19.28,0.05,-,2021-04-09 23:48:18,~0.5 mag rise in Gaia source,2021itk,nan,7.51128,2.05414,nan,nan,nan,-1.0,0.0
Gaia21bsr,2021-04-07 22:20:13,19:36:31.19,08:06:17.75,294.12995,8.10493,15.81,16.45,0.17,-,2021-04-09 23:46:45,bright red galactic plane source rises slowly by 0.6mag,2021itj,7.651,45.34506,-6.19514,20.0546,0.0342,panstarr,-1.0,0.0
Gaia21bsp,2021-04-07 21:25:44,17:30:26.46,-28:09:05.90,262.61025,-28.15164,15.06,15.38,0.09,-,2021-04-09 23:44:08,bright red galactic plane source rises by 0.3 mag,2021ith,9.124,358.88001,3.23626,19.7436,0.0162,panstarr,-1.0,0.0
Gaia21bsg,2021-04-06 15:19:23,17:31:01.48,-21:24:04.43,262.75616,-21.40123,17.49,19.53,0.09,-,2021-04-08 11:09:50,"red Galactic plane source brightens by 2.0 mag, candidate microlensing event",2021iot,nan,4.63698,6.80103,21.1934,0.0363,panstarr,-1.0,0.0
Gaia21bsb,2021-04-06 16:00:32,20:07:42.78,24:15:58.18,301.92826,24.26616,17.62,18.1,0.14,-,2021-04-08 11:05:46,red galactic plane source rises by 0.5 mag,2021ioo,13.309,63.13675,-4.45485,20.3495,0.0187,panstarr,-1.0,0.0
Gaia21brx,2021-04-06 06:17:10,05:11:03.59,24:25:43.64,77.76495,24.42879,17.59,17.98,0.06,-,2021-04-07 11:14:30,0.4 mag rise in Gaia source,2021ilf,16.25,179.50966,-8.92182,18.5271,0.012,panstarr,-1.0,0.0
Gaia21brv,2021-04-06 05:16:28,08:10:01.70,-27:06:38.66,122.50708,-27.11074,18.98,19.58,0.14,-,2021-04-07 11:12:32,~0.5 mag rise in Gaia source,2021ild,nan,245.8188,3.35764,20.0918,0.0233,panstarr,-1.0,0.0
Gaia21bru,2021-04-05 17:36:38,06:59:01.81,-11:00:39.24,104.75756,-11.0109,12.07,12.18,0.04,-,2021-04-07 11:12:05,~0.2 mag rise in bright Gaia source in the Galactic plane,2021ilc,11.36,223.60018,-3.33396,12.289,0.057,APASS,-1.0,0.0
Gaia21bro,2021-04-04 23:46:44,06:17:49.89,-03:22:11.39,94.45787,-3.36983,18.09,19.47,0.15,-,2021-04-06 19:02:58,~1.7 mag rise in Gaia source near radio source AT20G J061749-032212,2021ijk,nan,212.10843,-9.01048,19.4918,0.0107,panstarr,-1.0,0.0
Gaia21brm,2021-04-05 04:07:32,19:28:34.85,22:35:05.35,292.14522,22.58482,15.14,15.52,0.02,-,2021-04-06 19:01:24,~0.35 mag rise in Gaia source in the Galactic plane,2021iji,11.996,57.14341,2.43735,16.5705,0.0044,panstarr,-1.0,0.0
Gaia21bqx,2021-03-25 11:40:27,14:31:28.86,-45:02:23.24,217.87025,-45.03979,19.25,20.28,0.15,-,2021-04-05 09:43:08,~1 mag rise in Gaia source,2021ifp,nan,320.89008,14.31515,nan,nan,nan,-1.0,0.0
Gaia21bqo,2021-04-03 15:33:17,21:05:58.51,46:23:19.57,316.49379,46.38877,15.12,15.32,0.04,-,2021-04-05 09:27:43,~0.2 mag rise in Gaia source,2021ifj,12.597,87.88016,-0.56568,15.974,0.04,APASS,-1.0,0.0
Gaia21bqn,2021-04-03 09:28:56,21:24:27.11,48:42:45.25,321.11295,48.71257,16.03,16.3,0.06,-,2021-04-05 09:25:26,gal.plane source candidate microlensing event rises by 0.3 mag,2021ifi,13.749,91.71564,-1.20093,17.0288,0.0047,panstarr,-1.0,0.0
Gaia21bqm,2021-03-16 08:08:40,04:02:03.20,27:37:15.82,60.51335,27.62106,18.77,19.86,0.48,-,2021-04-05 09:22:44,erratic rise of Gaia source coincident with radio source NVSS J040203+273714,2021ifh,nan,166.65292,-18.64935,20.5003,0.0532,panstarr,-1.0,0.0
Gaia21bqa,2021-04-01 10:29:47,11:28:38.35,-56:36:35.86,172.1598,-56.60996,18.18,18.65,0.03,-,2021-04-03 08:58:46,~0.5 mag rise in Gaia source,2021htx,nan,291.6806,4.4422,18.607,nan,refcat2,-1.0,0.0
Gaia21bpx,2021-04-01 22:49:56,09:06:37.47,-51:47:16.55,136.65614,-51.78793,15.88,16.21,0.1,-,2021-04-03 08:55:15,~0.3 mag rise in Gaia source,2021htt,12.462,271.95164,-2.98368,16.111,nan,refcat2,-1.0,0.0
Gaia21bpw,2021-04-01 19:35:15,21:48:52.10,54:38:58.60,327.2171,54.64961,15.85,16.14,0.05,-,2021-04-03 08:53:45,"bright galactic plane source rises by 0.3 mag, candidate microlensing event or Be-type outburst",2021hts,13.119,98.49415,0.68251,17.3026,0.0051,panstarr,-1.0,0.0
Gaia21bpo,2021-03-30 10:58:11,07:27:45.16,-52:29:04.92,111.93815,-52.4847,18.93,19.22,0.04,-,2021-04-01 09:59:09,~0.8 mag rise in Gaia source,2021hoa,15.201,264.20007,-16.03133,19.222,nan,refcat2,-1.0,0.0
Gaia21bpj,2021-03-30 22:19:57,12:32:25.38,-56:09:50.94,188.10576,-56.16415,16.14,16.42,0.08,-,2021-04-01 09:56:23,red galactic plane source rises by 0.3 mag over 3 years,2021hnw,12.709,300.26937,6.60926,16.384,nan,refcat2,-1.0,0.0
Gaia21bpi,2021-03-30 16:32:25,10:52:55.54,-60:36:36.47,163.23143,-60.61013,17.35,17.75,0.09,-,2021-04-01 09:56:02,~0.35 mag rise in Gaia source,2021hnv,13.814,288.88902,-1.01091,17.681,nan,refcat2,-1.0,0.0
Gaia21bpf,2021-03-30 04:31:23,10:57:46.87,-61:26:42.54,164.44529,-61.44515,18.74,19.17,0.1,-,2021-03-31 10:47:54,0.3 mag slow rise in Gaia source,2021hkq,13.663,289.78014,-1.51009,19.098,nan,refcat2,-1.0,0.0
Gaia21bpa,2021-03-30 04:38:57,09:48:01.72,-61:52:02.35,147.00715,-61.86732,16.94,17.43,0.16,-,2021-03-31 09:19:43,slow rise of a red source near the Galactic plane,2021hkj,13.764,283.03109,-6.30538,17.386,nan,refcat2,-1.0,0.0
Gaia21bop,2021-03-28 22:15:28,12:58:01.51,-57:29:42.07,194.5063,-57.49502,18.03,18.79,0.04,-,2021-03-30 11:23:27,Galactic plane source brightens by 0.8mag -- candidate microlensing event.,2021hip,nan,303.82069,5.36536,18.775,nan,refcat2,-1.0,0.0
Gaia21bon,2021-03-27 16:26:37,11:29:25.49,-67:09:33.16,172.35621,-67.15921,17.23,17.58,0.02,-,2021-03-29 21:30:50,"~0.3 mag rise in Gaia source, candidate microlensing event",2021hgj,15.349,295.08073,-5.54602,17.534,nan,refcat2,-1.0,0.0
Gaia21bom,2021-03-26 14:54:44,01:01:04.31,63:27:22.82,15.26794,63.45634,11.81,12.01,0.03,-,2021-03-29 21:29:38,~0.2 mag rise in Gaia source in the galactic plane,2021hgi,10.507,124.00802,0.60472,12.454,0.008,APASS,-1.0,0.0
Gaia21bol,2021-03-26 22:26:44,11:26:21.69,-69:21:30.71,171.59038,-69.35853,18.16,18.96,0.07,-,2021-03-29 21:25:13,"~0.8 mag rise in Gaia source, candidate microlensing event",2021hgh,nan,295.51748,-7.72067,18.937,nan,refcat2,-1.0,0.0
Gaia21bok,2021-03-28 16:22:51,12:05:03.66,-62:24:31.00,181.26523,-62.40861,13.54,13.84,0.09,-,2021-03-29 21:22:04,"bright blue galactic plane source rises by 0.3 mag, candidate Be-type outburst",2021hgg,11.988,297.59074,-0.01878,13.786,nan,refcat2,-1.0,0.0
Gaia21bnx,2021-03-26 22:16:51,12:56:23.21,-63:22:38.71,194.09669,-63.37742,18.31,18.9,0.18,-,2021-03-29 18:40:03,~0.4 mag rise in Gaia source,2021hfx,11.416,303.48632,-0.511,18.815,nan,refcat2,-1.0,0.0
Gaia21bnv,2021-03-28 04:52:27,07:08:25.89,-60:55:47.14,107.10786,-60.92976,17.98,18.27,0.05,-,2021-03-29 18:38:00,~0.3 mag rise in Gaia source,2021hfv,14.895,271.547,-21.50033,18.234,nan,refcat2,-1.0,0.0
Gaia21bnu,2021-03-26 07:04:34,01:24:51.12,61:31:53.51,21.21299,61.53153,15.61,15.82,0.03,-,2021-03-29 07:34:42,~0.2 mag rise in Gaia galactic plane source -- candidate microlensing event.,2021hfr,12.245,126.90363,-1.08228,17.0361,0.0096,panstarr,-1.0,0.0
Gaia21bnq,2021-03-27 11:06:13,15:31:22.01,-10:45:50.90,232.84171,-10.76414,18.51,18.8,0.08,-,2021-03-29 07:22:32,~0.3 mag rise in Gaia source,2021hfp,nan,354.02548,35.78787,19.1591,0.0094,panstarr,-1.0,0.0
Gaia21bnp,2021-03-25 10:14:00,13:28:31.08,-64:48:54.68,202.1295,-64.81519,15.62,15.9,0.04,-,2021-03-29 07:12:12,"~0.3 mag rise in Gaia source, previous events seen",2021hfo,14.097,306.86556,-2.22702,15.857,nan,refcat2,-1.0,0.0
Gaia21bno,2021-03-26 03:59:18,14:16:37.72,-49:12:36.36,214.15715,-49.2101,16.64,17.03,0.1,AGN,2021-03-27 20:53:46,"~0.3 mag rise in known AGN, coincident with bright WISE and GALEX sources",2021hea,12.985,316.93652,11.33122,nan,nan,APASS,-1.0,0.0
Gaia21bnm,2021-03-25 08:22:07,02:43:37.41,37:47:08.23,40.90586,37.78562,18.82,19.55,0.06,-,2021-03-27 20:49:32,~0.8 mag rise in Gaia source,2021dni,15.722,146.21927,-19.9611,19.2585,0.0179,panstarr,-1.0,0.0
Gaia21bnf,2021-03-24 22:10:01,13:53:22.79,-62:09:33.98,208.34496,-62.15944,14.73,14.96,0.03,-,2021-03-26 10:45:56,"bright galactic plane source rises by 0.2 mag, candidate microlensing event or Be-type outburst",2021hdf,12.281,310.09479,-0.15221,14.934,nan,refcat2,-1.0,0.0
Gaia21bmo,2021-03-23 22:30:40,10:04:53.94,-81:59:41.35,151.22473,-81.99482,18.03,18.7,0.16,-,2021-03-25 09:34:25,Gaia source rises by 0.8 mag in ~3 years,2021hbm,15.05,297.24298,-21.03307,18.618,nan,refcat2,-1.0,0.0
Gaia21bmd,2021-03-21 04:00:52,15:27:36.65,-59:13:02.32,231.90271,-59.21731,12.74,13.07,0.06,-,2021-03-23 14:03:03,"bright blue gal.plane source rises by 0.3 mag, previous outbursts seen",2021gyf,11.684,321.75268,-2.17681,13.448,0.005,APASS,-1.0,0.0
Gaia21bmb,2021-03-22 04:01:48,15:02:12.56,-58:54:40.36,225.55232,-58.91121,15.47,15.83,0.06,-,2021-03-23 13:54:31,bright very red galactic plane source rises by 0.4 mag,2021gye,5.755,319.12704,-0.21399,15.89,nan,refcat2,-1.0,0.0
Gaia21blz,2021-03-19 12:37:46,03:38:54.26,43:08:11.69,54.72607,43.13658,8.38,8.62,0.03,-,2021-03-23 13:51:36,bright blue  gal.plane source rises by 0.2 mag,2021gyc,8.333,152.56043,-9.89654,nan,nan,APASS,-1.0,0.0
Gaia21bly,2021-03-19 06:47:33,03:59:53.42,51:31:46.38,59.9726,51.52955,14.9,15.21,0.04,-,2021-03-23 13:50:39,~0.3 mag rise in bright Gaia source,2021gyb,10.469,150.05538,-1.13451,16.844,0.097,APASS,-1.0,0.0
Gaia21blx,2021-03-22 10:05:03,14:53:15.42,-62:01:30.61,223.31427,-62.02517,16.64,17.91,0.07,-,2021-03-23 10:15:13,red gal.plane source candidate microlensing event rises by 1.3 mag,2021gxs,14.412,316.69911,-2.45443,17.893,nan,refcat2,-1.0,0.0
Gaia21blv,2021-03-22 09:56:42,14:59:30.06,-52:58:57.65,224.87526,-52.98268,18.76,20.41,0.2,-,2021-03-23 10:11:37,"faint Gaia source near the Galactic plane rises by ~1.7 mag, candidate microlensing event",2021gxo,nan,321.62446,5.17762,nan,nan,nan,-1.0,0.0
Gaia21blp,2021-03-21 22:02:30,15:07:15.66,-60:02:09.13,226.81526,-60.03587,11.47,11.73,0.05,-,2021-03-23 09:57:39,"bright blue galactic plane source rises by 0.3 mag, candidate Be-type outburst",2021gxc,10.146,319.13665,-1.50865,11.947,0.081,APASS,-1.0,0.0
Gaia21blh,2021-03-11 11:23:20,02:53:55.58,-23:43:22.91,43.48157,-23.72303,18.37,20.06,0.45,-,2021-03-22 10:40:23,~2 mag rise in Gaia source,2021gus,nan,212.78674,-62.20346,20.4091,0.1267,panstarr,-1.0,0.0
Gaia21blg,2021-03-21 03:56:48,15:21:54.52,-54:46:53.76,230.47715,-54.7816,14.99,16.31,0.03,-,2021-03-22 10:39:49,~1.3 mag rise in Gaia source,2021gur,10.406,323.55462,1.94997,16.309,nan,refcat2,-1.0,0.0
Gaia21ble,2021-03-21 16:01:45,15:11:44.04,-59:33:08.89,227.93352,-59.55247,14.8,15.04,0.04,-,2021-03-22 10:38:38,~0.3 mag rise in Gaia source,2021guo,11.533,319.86649,-1.37507,14.998,nan,refcat2,-1.0,0.0
Gaia21bld,2021-03-21 15:59:44,15:12:34.77,-57:21:04.46,228.14488,-57.35124,14.44,14.68,0.05,-,2021-03-22 10:37:36,~0.25 mag rise in Gaia source,2021gun,11.534,321.0903,0.458,14.638,nan,refcat2,-1.0,0.0
Gaia21blc,2021-03-20 21:17:47,15:04:33.42,-13:37:12.94,226.13925,-13.62026,18.63,19.0,0.09,-,2021-03-22 10:36:22,~0.4 mag slow rise in Gaia source,2021gul,nan,345.52666,38.00495,18.9526,0.0071,panstarr,-1.0,0.0
Gaia21bkv,2021-03-19 03:49:47,15:57:01.35,-48:50:07.22,239.25562,-48.83534,18.41,19.86,0.36,-,2021-03-21 15:26:54,~1.5 mag rise in Gaia Galactic plane source,2021gsw,nan,331.45544,3.48241,nan,nan,nan,-1.0,0.0
Gaia21bkr,2021-03-19 12:26:03,03:26:19.70,32:34:11.46,51.5821,32.56985,18.7,19.91,0.3,-,2021-03-21 15:21:55,~0.5 mag rise in Gaia source,2020tnj,nan,157.02249,-19.85789,20.3016,0.0542,panstarr,-1.0,0.0
Gaia21bkq,2021-03-19 05:14:43,02:25:52.88,-35:49:31.94,36.47034,-35.82554,18.69,19.5,0.16,-,2021-03-21 15:17:22,~0.4 mag rise in Gaia source,2021gsu,nan,242.22192,-68.1395,19.31,nan,refcat2,-1.0,0.0
Gaia21bkf,2021-03-18 05:28:18,02:38:32.27,-21:04:56.68,39.63447,-21.08241,18.18,18.48,0.07,-,2021-03-19 19:38:15,~0.3 mag rise in Gaia source,2021ggt,nan,204.84732,-64.8776,18.57,0.005,panstarr,-1.0,0.0
Gaia21bjw,2021-03-17 10:13:08,19:01:08.79,-67:53:27.06,285.28664,-67.89085,17.3,17.56,0.05,-,2021-03-18 21:25:38,"~0.2 mag rise in Gaia, WISE and GALEX source",2021gee,15.552,327.63937,-25.88971,17.502,nan,refcat2,-1.0,0.0
Gaia21bjv,2021-03-17 09:06:07,15:11:32.78,-05:09:57.60,227.88657,-5.166,18.17,18.47,0.07,-,2021-03-18 21:24:22,~0.3 mag rise in Gaia source,2021ged,nan,354.5969,43.21801,18.7954,0.0299,panstarr,-1.0,0.0
Gaia21bjt,2021-03-17 14:58:11,14:58:50.11,02:49:31.48,224.70878,2.82541,18.74,19.12,0.1,-,2021-03-18 21:22:10,~0.3 mag rise in Gaia source,2021geb,nan,359.87673,51.03664,18.9832,0.0144,panstarr,-1.0,0.0
Gaia21bjk,2021-03-15 14:39:24,14:36:43.44,18:58:37.74,219.181,18.97715,19.01,19.47,0.12,-,2021-03-17 13:51:31,"~0.5 mag rise in Gaia, WISE and GALEX source",2021fxh,nan,19.89659,64.50713,19.5324,0.0188,panstarr,-1.0,0.0
Gaia21biw,2021-03-14 13:27:15,03:07:38.02,-07:57:08.53,46.9084,-7.95237,18.85,19.48,0.1,-,2021-03-16 13:25:01,~0.8 mag rise in Gaia source,2021fst,nan,188.57417,-52.50461,19.8524,0.0129,panstarr,-1.0,0.0
Gaia21bin,2021-03-13 09:37:30,17:26:58.70,-33:24:28.12,261.74458,-33.40781,15.93,16.31,0.1,-,2021-03-16 10:16:20,"Galactic plane source brightens by 0.4 mag, candidate microlensing or Be-type event",2021fqf,11.769,354.08578,0.94962,16.241,nan,refcat2,-1.0,0.0
Gaia21bik,2021-03-12 15:42:25,18:00:52.88,-36:04:11.60,270.22032,-36.06989,17.58,19.75,0.03,-,2021-03-14 21:34:52,"blue galactic plane source rises by 2.2 mag, candidate microlensing event",2021fnq,nan,355.45723,-6.37662,nan,nan,nan,-1.0,0.0
Gaia21big,2021-03-13 01:08:38,02:37:20.86,-23:17:03.84,39.3369,-23.2844,18.48,18.98,0.14,-,2021-03-14 21:32:04,"~0.5 mag rise in Gaia, WISE and GALEX source",2021fnn,nan,209.70285,-65.7836,18.8956,0.0161,panstarr,-1.0,0.0
Gaia21bif,2021-03-12 22:05:10,19:50:24.65,-51:14:15.68,297.60272,-51.23769,18.48,18.93,0.11,-,2021-03-14 21:31:26,"~0.4 mag rise in Gaia, WISE and GALEX source",2021fnm,nan,347.19229,-29.82532,18.872,nan,refcat2,-1.0,0.0
Gaia21bid,2021-03-12 19:02:33,07:06:24.84,46:35:37.32,106.60349,46.5937,18.52,18.93,0.1,-,2021-03-14 21:29:51,"~0.4 mag rise in Gaia, WISE and GALEX source",2021fnk,15.8,170.53265,21.79006,19.0274,0.0111,panstarr,-1.0,0.0
Gaia21bia,2021-02-17 05:22:27,17:52:58.21,-29:00:04.25,268.24256,-29.00118,18.2,19.86,0.12,-,2021-03-14 17:09:33,~2.5 mag rise in Galactic plane source,2021fnh,nan,0.77137,-1.41204,nan,nan,nan,-1.0,0.0
Gaia21bhw,2021-03-11 09:25:43,17:25:12.81,-20:40:48.86,261.30336,-20.68024,17.48,19.48,0.41,-,2021-03-14 17:03:36,almost 2 mag rise in Gaia source,2021fne,nan,4.50327,8.33099,21.0179,0.3111,panstarr,-1.0,0.0
Gaia21bhp,2021-03-11 03:38:46,18:15:32.58,-30:35:16.76,273.88574,-30.58799,17.67,17.96,0.03,-,2021-03-13 11:31:33,~0.3 mag rise in Gaia source near Galactic plane,2021fml,nan,1.77429,-6.46105,18.8434,0.0032,panstarr,-1.0,0.0
Gaia21bhf,2021-03-09 21:55:28,19:45:19.44,-40:05:56.36,296.33102,-40.09899,16.73,18.83,0.73,-,2021-03-11 14:17:56,"3 mag rise in Gaia source with coincident radio, WISE and GALEX sources",2021fjs,nan,359.45195,-26.89136,19.339,nan,refcat2,-1.0,0.0
Gaia21bhe,2021-03-08 15:24:54,18:11:30.60,-15:45:24.26,272.87752,-15.75674,16.92,18.36,0.1,-,2021-03-11 14:17:32,1 mag rise in red Gaia source,2021fjr,nan,14.39925,1.41236,18.9411,0.0407,panstarr,-1.0,0.0
Gaia21bhd,2021-03-09 22:04:29,20:30:52.21,-44:51:33.73,307.71755,-44.85937,18.15,18.5,0.07,-,2021-03-11 14:17:08,"~0.3 mag rise in Gaia, WISE and GALEX source",2021fjq,nan,355.52299,-35.93255,18.374,nan,refcat2,-1.0,0.0
Gaia21bhc,2021-03-08 17:59:01,04:57:30.67,-04:38:38.47,74.37781,-4.64402,18.6,19.13,0.1,-,2021-03-11 14:16:48,~0.4 mag rise in Gaia source,2021fjp,nan,203.55471,-27.38327,19.2237,0.0136,panstarr,-1.0,0.0
Gaia21bha,2021-03-09 15:39:57,18:45:54.50,-28:57:34.49,281.4771,-28.95958,14.11,14.39,0.08,-,2021-03-10 11:28:35,bright near gal.plane source candidate microlensing event or Be-type outburst,2021fgp,11.903,6.19958,-11.65382,14.9182,0.0238,panstarr,-1.0,0.0
Gaia21bfr,2021-03-05 15:21:40,18:46:08.30,-10:12:26.42,281.53458,-10.20734,15.8,17.01,0.04,-,2021-03-07 10:33:03,"Galactic plane source rises by 1.2 mag, candidate microlensing event",2021fbo,13.418,23.23707,-3.47155,18.5355,0.008,panstarr,-1.0,0.0
Gaia21bfa,2021-03-04 02:09:56,06:48:58.14,04:25:12.61,102.24224,4.42017,18.53,,,-,2021-03-05 09:50:43,blue hostless Galactic plane transient on the rise,2021elv,nan,208.71614,1.466,19.2409,0.0248,panstarr,-1.0,0.0
Gaia21bek,2021-03-03 00:10:51,06:37:56.65,-06:48:30.02,99.48605,-6.80834,14.95,15.23,0.08,-,2021-03-04 10:20:21,bright galactic plane source rises by 0.3 mag over ~2 years,2021ein,12.094,217.48092,-6.08806,16.305,0.0109,panstarr,-1.0,0.0
Gaia21bec,2021-03-01 16:15:25,21:48:10.18,-56:49:14.56,327.04242,-56.82071,17.34,17.67,0.07,-,2021-03-03 22:57:16,"~0.3 mag rise in Gaia, WISE and GALEX source",2021eig,16.638,337.43434,-46.14499,17.591,nan,refcat2,-1.0,0.0
Gaia21bde,2021-02-27 02:54:15,19:05:12.74,14:51:35.93,286.30308,14.85998,18.04,18.46,0.05,-,2021-03-01 16:49:34,~0.4 mag rise in Gaia source,2021dzr,14.716,47.72102,3.74238,20.1212,0.0282,panstarr,-1.0,0.0
Gaia21bdd,2021-02-25 18:27:03,07:29:19.31,08:15:01.40,112.33044,8.25039,17.82,19.12,0.54,-,2021-03-01 15:27:58,~2 mag rise in Gaia source,2021dzq,nan,209.79733,12.14364,21.8652,0.0646,panstarr,-1.0,0.0
Gaia21bda,2021-02-26 01:33:10,09:33:30.76,74:02:54.28,143.37818,74.04841,17.82,18.11,0.06,-,2021-03-01 15:23:16,~0.2 mag rise in Gaia source,2021dzo,nan,138.03178,36.67932,18.1048,0.0082,panstarr,-1.0,0.0
Gaia21bcz,2021-02-26 11:33:10,06:45:05.22,-41:53:12.52,101.27174,-41.88681,18.27,18.6,0.08,-,2021-03-01 15:21:25,~0.3 mag slow rise in Gaia source,2021dzn,nan,251.09355,-18.83239,18.5,nan,refcat2,-1.0,0.0
Gaia21bcd,2021-02-25 03:52:15,19:43:35.66,-45:00:56.92,295.8986,-45.01581,18.87,19.38,0.12,-,2021-02-28 08:43:40,"0.5 mag rise in Gaia, WISE and GALEX source",2021dwv,nan,353.97823,-27.67548,19.294,nan,refcat2,-1.0,0.0
Gaia21bcc,2021-02-24 23:08:11,06:52:39.17,-64:30:17.32,103.1632,-64.50481,18.65,19.17,0.15,-,2021-02-28 08:43:17,"0.5 mag rise in Gaia, WISE and GALEX source",2021dwu,nan,274.77987,-24.17657,19.088,nan,refcat2,-1.0,0.0
Gaia21bcb,2021-02-26 16:58:45,05:03:47.81,-70:31:17.00,75.94919,-70.52139,15.18,15.63,0.1,-,2021-02-28 08:42:57,~0.4 mag rise in Gaia source,2021dwt,15.107,281.82294,-34.34697,15.328,0.035,APASS,-1.0,0.0
Gaia21bca,2021-02-24 08:06:07,07:25:34.86,02:16:46.49,111.39525,2.27958,17.96,18.41,0.15,-,2021-02-28 08:42:30,"~0.4 mag rise in Gaia, WISE and GALEX source",2021dws,15.316,214.79988,8.6345,18.6853,0.0026,panstarr,-1.0,0.0
Gaia21bbl,2021-02-23 12:50:45,07:20:51.83,34:27:23.44,110.21596,34.45651,17.97,18.68,0.17,-,2021-02-27 11:18:48,"~0.6 mag rise in blue DSS, GALEX and WISE source",2021dvy,15.264,183.81953,20.60663,18.4853,0.017,panstarr,-1.0,0.0
Gaia21bbi,2021-02-22 22:32:15,19:31:02.61,19:14:33.14,292.76086,19.24254,18.88,19.9,0.05,-,2021-02-27 11:14:11,"galactic plane source rises by 1.0 mag, candidate microlensing event",2021dvv,nan,54.48388,0.33182,19.867,nan,refcat2,-1.0,0.0
Gaia21bba,2021-02-21 02:39:09,19:42:52.99,23:40:07.61,295.72081,23.66878,14.42,14.61,0.05,-,2021-02-26 09:38:44,~0.2 mag rise in bright Gaia source in the Galactic plane,2021dvd,11.53,59.69138,0.09247,15.661,0.0026,panstarr,-1.0,0.0
Gaia21baw,2021-02-20 11:17:48,18:48:19.72,-27:23:56.87,282.08218,-27.39913,16.83,17.28,0.14,-,2021-02-25 10:25:28,Gaia source rises by 0.5 mag over 3 years,2021dum,13.848,7.87406,-11.48541,17.8065,0.0071,panstarr,-1.0,0.0
Gaia21bak,2021-02-19 09:27:24,18:39:24.23,-23:36:12.28,279.85096,-23.60341,17.43,17.88,0.14,-,2021-02-24 10:09:29,0.4 mag slow rise in Galactic plane source,2021dtc,14.226,10.47216,-8.03482,18.8266,0.0168,panstarr,-1.0,0.0
Gaia21baj,2021-02-19 02:08:42,20:59:37.74,49:55:55.42,314.90727,49.93206,18.4,18.67,0.04,-,2021-02-24 10:06:51,~0.3 mag rise in Galactic plane source - candidate microlensing event,2021dtb,13.891,89.82846,2.57746,20.8746,0.0196,panstarr,-1.0,0.0
Gaia21azz,2021-02-18 23:21:49,18:20:49.35,-30:18:54.11,275.20564,-30.31503,18.3,19.6,0.1,-,2021-02-23 22:44:46,~1.3 mag rise in Gaia and faint PanSTARRS source,2021dso,nan,2.54732,-7.34435,19.608,nan,refcat2,-1.0,0.0
Gaia21azw,2021-02-19 20:20:19,20:20:56.65,40:23:35.56,305.23604,40.39321,15.27,15.47,0.04,-,2021-02-23 22:42:08,~0.2 mag rise in Gaia source,2021dsl,11.067,78.12167,2.14606,17.5414,0.005,panstarr,-1.0,0.0
Gaia21azu,2021-02-18 13:21:03,03:43:18.19,61:37:16.93,55.82579,61.62137,15.01,16.05,0.2,-,2021-02-22 17:07:55,~1 mag rise in UV source 2MASS J03431818+6137172,2021dou,13.136,141.91664,5.25845,17.0685,0.0091,panstarr,-1.0,0.0
Gaia21azr,2021-02-18 15:32:17,18:20:41.56,-27:21:40.72,275.17318,-27.36131,17.83,18.93,0.03,-,2021-02-22 16:57:26,gal.plane source rises by 1.1 mag,2021dor,nan,5.175,-5.96103,19.8571,0.0322,panstarr,-1.0,0.0
Gaia21azp,2021-02-19 01:54:45,22:12:13.90,61:20:02.18,333.05791,61.33394,17.18,18.42,0.42,-,2021-02-22 16:53:32,~1.5 mag rise in Gaia source,2021doq,14.863,105.00075,4.13448,19.7266,0.062,panstarr,-1.0,0.0
Gaia21azo,2021-02-18 21:13:11,18:55:30.35,-10:50:58.56,283.87647,-10.8496,16.79,17.85,0.02,-,2021-02-22 16:51:54,~1 mag rise in Gaia source,2021dop,15.147,23.70174,-5.8166,18.5738,0.0044,panstarr,-1.0,0.0
Gaia21azi,2021-02-18 06:55:51,05:38:41.33,40:25:13.87,84.67221,40.42052,18.75,19.18,0.06,-,2021-02-22 16:45:41,~0.5 mag rise in Gaia source,2021doj,nan,169.4714,4.82864,19.8386,0.0203,panstarr,-1.0,0.0
Gaia21azh,2021-02-18 11:28:20,18:00:19.65,-35:21:59.26,270.08188,-35.36646,18.72,19.4,0.12,-,2021-02-22 16:44:35,~0.7 mag rise in Gaia source,2021doi,nan,356.01995,-5.93567,19.408,nan,refcat2,-1.0,0.0
Gaia21azb,2021-02-18 10:40:22,19:22:33.35,06:31:07.90,290.63896,6.51886,18.06,18.42,0.03,-,2021-02-22 15:58:41,~0.3 mag rise in Galactic plane source -- candidate microlensing event,2021doc,14.923,42.29788,-3.89468,20.0529,0.0136,panstarr,-1.0,0.0
Gaia21ays,2021-02-18 22:59:04,18:57:20.75,-10:19:59.20,284.33644,-10.33311,15.59,15.87,0.02,-,2021-02-22 12:42:05,~0.3 mag rise in Gaia source,2021dnp,nan,24.36941,-5.99015,15.9148,0.006,panstarr,-1.0,0.0
Gaia21ayr,2021-02-17 17:37:42,17:23:22.19,-41:36:48.71,260.84244,-41.61353,17.97,19.95,0.12,-,2021-02-21 13:16:33,gal.plane source candidate microlensing event rises by 2.0 mag,2021dmn,nan,346.88803,-3.0597,19.954,nan,refcat2,-1.0,0.0
Gaia21ayo,2021-02-17 11:10:18,18:22:37.55,-19:33:12.10,275.65645,-19.55336,16.21,17.96,0.02,-,2021-02-21 13:13:22,red  gal.plane source rises by 1.7 mag,2021dmk,13.089,12.31374,-2.71996,20.4726,0.0193,panstarr,-1.0,0.0
Gaia21ayh,2021-02-18 09:15:47,18:46:29.95,-13:03:51.84,281.6248,-13.0644,17.98,18.64,0.06,-,2021-02-21 13:01:40,"red galactic plane source brightens by 0.6 mag, candidate microlensing event",2021dmd,14.492,20.72143,-4.8411,20.5744,0.0216,panstarr,-1.0,0.0
Gaia21axv,2021-02-18 04:08:45,16:28:12.38,-54:34:00.70,247.05158,-54.56686,11.14,11.46,0.1,-,2021-02-21 12:43:42,"bright blue galactic plane source rises by 0.3 mag, candidate Be-type outburst",2021dlr,11.066,331.05157,-3.99402,11.371,nan,APASS,-1.0,0.0
Gaia21axu,2021-02-17 16:34:51,13:29:39.98,-63:26:40.60,202.41659,-63.44461,17.78,18.07,0.06,-,2021-02-21 12:41:38,~0.2 mag rise in Galactic plane source,2021dlq,nan,307.1892,-0.8893,18.026,nan,refcat2,-1.0,0.0
Gaia21axt,2021-02-17 20:16:12,20:43:37.02,40:11:47.11,310.90427,40.19642,15.27,15.46,0.04,-,2021-02-21 12:39:52,~0.2 mag rise in Galactic plane source,2021dlp,11.698,80.52721,-1.45099,16.7853,0.0011,panstarr,-1.0,0.0
Gaia21axs,2021-02-17 16:36:15,13:18:16.36,-63:24:20.81,199.56815,-63.40578,17.26,17.85,0.14,-,2021-02-21 12:37:08,slow ~0.6 mag rise in red Galactic plane source,2021dlo,12.604,305.92992,-0.69034,17.815,nan,refcat2,-1.0,0.0
Gaia21axr,2021-02-18 09:43:14,17:54:34.88,-36:12:29.41,268.64534,-36.20817,15.45,15.94,0.02,-,2021-02-21 12:33:35,bright bulge source rises by 0.5 mag - candidate microlensing event,2021dln,12.28,354.7063,-5.33792,15.921,nan,refcat2,-1.0,0.0
Gaia21axq,2021-02-17 23:12:18,18:24:53.40,-21:34:04.33,276.22248,-21.56787,17.68,19.78,0.05,-,2021-02-21 12:32:08,gal.plane source candidate microlensing event rises by 2.1 mag,2021dlm,nan,10.77454,-4.12656,21.7926,0.2585,panstarr,-1.0,0.0
Gaia21axp,2021-02-18 04:30:52,14:07:38.86,-64:38:25.66,211.91192,-64.64046,17.31,19.3,0.07,-,2021-02-21 12:28:03,galactic plane source candidate microlensing event rises by 2.0 mag,2021dll,nan,310.97966,-2.96615,19.262,nan,refcat2,-1.0,0.0
